Prev Close,Open,High,Low,VWAP,Volume,Turnover,Close
204.65,205,206.1,203.65,205.26,3717450,7.63E+13,205.75
205.75,205.25,206.25,202.65,204.13,6024650,1.23E+14,204.15
204.15,207.5,216.95,205.25,207.04,7473500,1.55E+14,205.7
205.7,203.75,204.4,201.05,202.47,7744000,1.57E+14,203.8
203.8,203,203,200.65,202.05,5952000,1.20E+14,202.4
202.4,202,202.15,192.3,197.57,6675550,1.32E+14,194.3
194.3,188.55,192,182.25,186.15,13880150,2.58E+14,188.7
188.7,185,189.45,183,186.24,9875700,1.84E+14,183.85
183.85,182,190.5,181.75,185.82,14625600,2.72E+14,189.6
189.6,191,192.45,186.35,188.95,13377500,2.53E+14,187.6
187.6,187.05,188,184.6,186.15,7139950,1.33E+14,185.65
185.65,185,187,184.4,185.71,7756400,1.44E+14,186
186,185,185.25,177.05,181.66,10697700,1.94E+14,178.6
178.6,174.05,176.9,171.8,174.42,13478000,2.35E+14,173.65
173.65,171.25,173.4,169.45,171.23,11586900,1.98E+14,170.6
170.6,171.15,175.75,171,173.8,12089550,2.10E+14,173.5
173.5,174.1,174.85,157,170.68,12671700,2.16E+14,166.15
166.15,164.7,165.7,158,161.39,12538400,2.02E+14,160.45
160.45,160.1,160.8,152.75,157.11,12883650,2.02E+14,153.7
153.7,153,167.25,152.05,160.64,23310600,3.74E+14,165.8
165.8,171,189,168.5,174.76,37914350,6.63E+14,180.7
180.7,179,185.75,172.25,179.43,26118950,4.69E+14,176.75
176.75,175,185,174.5,180.21,22865050,4.12E+14,183.85
183.85,188.75,206,188.75,196.45,29231000,5.74E+14,203.8
203.8,215,225.2,208.55,216.42,43646350,9.45E+14,220.75
220.75,226.05,230,197.6,218.04,44354450,9.67E+14,202.25
202.25,191.05,208,189.05,201.29,31970000,6.44E+14,206
206,208.1,227.65,206,214.12,29335550,6.28E+14,224
224,232,242,224.1,233.49,35504550,8.29E+14,237
237,231,235,219,228.02,34689050,7.91E+14,222.15
222.15,220,244.15,218.1,225.63,36382650,8.21E+14,235.5
235.5,241.5,244.95,233.85,238.52,22223700,5.30E+14,235.65
235.65,230,237.5,228,233.05,24961300,5.82E+14,231.9
231.9,228,230.25,226.05,228.1,17696100,4.04E+14,227.8
227.8,232,235.2,228.75,232.19,18502450,4.30E+14,230.1
230.1,230,230.95,215,223.7,22818950,5.10E+14,217.95
217.95,223,231,221.05,226.75,21905900,4.97E+14,229.45
229.45,229,229.5,223.2,226.29,19497250,4.41E+14,227
227,229.5,234.25,226.05,230.72,19456750,4.49E+14,227.5
227.5,228.8,230,221.05,225.17,19368600,4.36E+14,224.9
224.9,229.25,231.8,225.5,228.67,15274700,3.49E+14,226
226,224,224.8,210.5,217.19,24917100,5.41E+14,211.85
211.85,213.5,216.2,208.55,212.61,25819450,5.49E+14,213.05
213.05,214,215,208.4,211.62,24042700,5.09E+14,210.85
210.85,214.5,219.8,212.6,215.93,19417300,4.19E+14,218.35
218.35,221.4,225.25,219.25,222.37,30505050,6.78E+14,220.3
220.3,217.5,220,214.75,217.21,23093700,5.02E+14,219.15
219.15,216,220.5,215.15,217.5,22531900,4.90E+14,219.85
219.85,219.5,238,218.5,224.76,28669950,6.44E+14,231.15
231.15,225,228.25,222.25,225.74,20626200,4.66E+14,227.2
227.2,227,229.4,225.5,228.02,21336550,4.87E+14,227.15
227.15,225.95,226.65,218,223.11,22223150,4.96E+14,219.7
219.7,217.45,218,208.9,213.09,23825350,5.08E+14,209.7
209.7,209,212.8,192.5,205.35,37034500,7.60E+14,196.8
196.8,205,213.1,205,209.67,23937450,5.02E+14,210.9
210.9,206.95,206.95,198.5,202.22,24093300,4.87E+14,202.35
202.35,204.95,206.1,198.25,203.43,16322250,3.32E+14,201.15
201.15,200,204,193.5,198.47,19007600,3.77E+14,199.85
199.85,207,209.95,206.05,207.86,13468250,2.80E+14,206.95
206.95,207.5,210.7,206.8,208.9,12832000,2.68E+14,209.65
209.65,209.4,210.75,206.2,208.04,11637700,2.42E+14,206.85
206.85,207.75,209.5,206,208.27,8836850,1.84E+14,208.8
208.8,209.25,212,207.25,209.98,13118200,2.75E+14,209.35
209.35,214.05,216.4,210.6,213.3,10604950,2.26E+14,211.1
211.1,209,209.3,206.4,207.87,8634450,1.79E+14,208.6
208.6,211.25,213.2,209.9,211.45,8144200,1.72E+14,212.1
212.1,214.75,217.2,211.25,214.47,11431550,2.45E+14,212.35
212.35,215,215.95,211.4,213.37,10179050,2.17E+14,212.25
212.25,210.25,211.5,208.85,210.08,7729150,1.62E+14,210.05
210.05,210.05,217.5,209.1,213.39,12178600,2.60E+14,215.8
215.8,220,225.75,219.55,222.78,17016500,3.79E+14,221.35
221.35,222,224.75,220,222.16,13886250,3.08E+14,221.85
221.85,228,233.75,225.85,229.1,14638550,3.35E+14,231.3
231.3,238.5,245.25,236.65,240.95,24500850,5.90E+14,244
244,246,250.5,243.55,247.27,23490050,5.81E+14,245.55
245.55,248,248.5,236.5,240.99,20631250,4.97E+14,237.75
237.75,235.55,238.75,232.5,235.17,20359900,4.79E+14,236.15
236.15,247.1,258.1,246.2,250.69,19097550,4.79E+14,255.3
255.3,257,262.5,238,253.31,22143750,5.61E+14,242.3
242.3,242,247.45,236,241.52,22583350,5.45E+14,244.45
244.45,242,243.25,237.75,240.59,15034000,3.62E+14,242.45
242.45,242,250,240.5,242.88,15329500,3.72E+14,244.65
244.65,267,269.9,264.25,266.32,17689800,4.71E+14,266.05
266.05,264,267.6,260,263.31,18100300,4.77E+14,266.25
266.25,263.95,265.5,259,262.51,17620450,4.63E+14,260.2
260.2,254,255.4,244.3,250.1,21102750,5.28E+14,245.6
245.6,245.25,250.45,244.3,247.89,19587000,4.86E+14,248.6
248.6,244,253.5,241,246.06,28050450,6.90E+14,249.95
249.95,245.25,250.4,242.5,246.06,21757350,5.35E+14,243.85
243.85,238,242.65,236.55,239.41,21646350,5.18E+14,241.3
241.3,244.5,247.9,243.1,245.44,14223050,3.49E+14,246.4
246.4,246,254.9,244.75,249.28,23243250,5.79E+14,253.25
253.25,249.25,256,244.05,249.72,32748350,8.18E+14,253.8
253.8,256.75,260.5,253.55,257.67,24583100,6.33E+14,255.25
255.25,250,253,248.8,250.78,20182550,5.06E+14,250.2
250.2,247,247.4,241.6,244.56,11643300,2.85E+14,242.35
242.35,240.9,244,239.5,241.57,16289200,3.94E+14,241.5
241.5,244,245.2,242.05,243.91,11401300,2.78E+14,242.8
242.8,241.2,242.2,239.6,240.76,10521250,2.53E+14,240.8
240.8,243.1,243.8,241.8,242.83,8453750,2.05E+14,243.05
243.05,241,241,235.5,238.05,13776550,3.28E+14,235.9
235.9,231,231,225.55,228.4,19477700,4.45E+14,228.25
228.25,233.05,244.5,233.05,237.29,18374350,4.36E+14,241.25
241.25,243,243.7,235.3,238.68,18854900,4.50E+14,236.85
236.85,240.25,240.5,236.1,238.18,15921750,3.79E+14,238.35
238.35,243,246.5,241.5,244.13,17457450,4.26E+14,245.65
245.65,249.95,251.45,237.75,247.23,25677700,6.35E+14,242.15
242.15,245,245,238.45,241.13,11917700,2.87E+14,240.6
240.6,243.95,249,243,245.5,11819100,2.90E+14,244.55
244.55,241.1,245.5,240.75,243.33,7996100,1.95E+14,244.35
244.35,243.5,244.5,241,242.9,6481300,1.57E+14,242.15
242.15,241,242.5,238.9,240.7,8772050,2.11E+14,240.25
240.25,244,246.45,242.1,244.77,7153300,1.75E+14,243.9
243.9,243.5,244.85,242.15,243.63,4175350,1.02E+14,242.95
242.95,244,246,243.2,244.66,4379700,1.07E+14,245.5
245.5,246.25,246.25,241.55,243.4,3850350,9.37E+13,242.15
242.15,241,241,233.1,237.58,6824650,1.62E+14,235.95
235.95,236,237,227.05,231.68,8541550,1.98E+14,228.9
228.9,227,230.25,224.5,227.41,10162650,2.31E+14,229.25
229.25,227.9,229.4,221.6,225.29,12605400,2.84E+14,222.9
222.9,221.1,223,217.6,219.59,10982100,2.41E+14,221
221,222,223,212,219.58,12467500,2.74E+14,216.35
216.35,217.7,217.7,211.15,214.19,10572500,2.26E+14,212.2
212.2,210.25,218,207.65,212.29,19236750,4.08E+14,216
216,218,221.75,211.55,217.09,27115550,5.89E+14,213.6
213.6,211.05,217.7,206.5,209.59,19761700,4.14E+14,208.75
208.75,208.9,210.9,203,206.99,20282100,4.20E+14,204.35
204.35,201.5,201.95,188.5,194.7,23045600,4.49E+14,190.65
190.65,187.25,195.8,184.2,189.84,28804350,5.47E+14,189.95
189.95,191.75,193.5,184.55,188.9,21253550,4.01E+14,187.1
204.963,190.95,207,186.55,188.97,12419900,2.35E+14,188.55
188.55,187.05,207,172,183.2,19345150,3.54E+14,179.3
179.3,173,179.95,172.1,176.68,17136250,3.03E+14,176.25
176.25,178.5,182.5,175.55,179.38,16360750,2.93E+14,176.7
176.7,175.5,175.95,168.55,172.07,24598550,4.23E+14,170.1
170.1,169,188,166.1,179.59,51729750,9.29E+14,179.55
179.55,200,217.15,200,207.88,30655050,6.37E+14,216.85
216.85,209,229,205.6,217.83,39825300,8.68E+14,220.7
220.7,223.95,231.75,223.95,229.57,30297400,6.96E+14,231.35
231.35,233.45,242.95,233.45,241.81,14051100,3.40E+14,242.8
235.9,235,247.7,224.4,234.93,14482250,3.40E+14,239.2
239.2,248,251.2,236.35,247.12,17423200,4.31E+14,241.25
241.25,235.05,235.05,217.15,221.82,15986900,3.55E+14,217.75
217.75,215.8,219,206.9,212.67,21194100,4.51E+14,207.95
207.95,207,211.4,202.4,206.57,19068250,3.94E+14,208.05
208.05,210.85,218.25,209.6,214.62,15793800,3.39E+14,212.2
212.2,209.1,210,201.6,205.94,14707450,3.03E+14,206.6
206.6,208,216.75,197.8,205.7,14981550,3.08E+14,213.8
213.8,217.95,220,208.6,213.53,20484200,4.37E+14,209.9
209.9,209.2,211.45,205.5,208.61,12995400,2.71E+14,207.05
207.05,206.6,207.9,203.05,205.64,8193850,1.69E+14,203.85
203.85,203,209.5,201.15,204.12,11806600,2.41E+14,205.95
205.95,206.75,211.5,205.5,208.85,10921150,2.28E+14,210.55
210.55,211.9,213.2,205.5,208.68,10247300,2.14E+14,206.45
206.45,206.8,209.4,205,207.38,8497250,1.76E+14,208.1
208.1,209,210.55,207.1,208.79,6904900,1.44E+14,208.05
208.05,207.5,210.95,206.8,208.5,7013400,1.46E+14,209.25
209.25,205.65,209.5,205.65,207.82,6141850,1.28E+14,206.4
206.4,206.5,207.9,204.55,206.05,5397550,1.11E+14,206.4
206.4,205.5,206,196.1,201.29,8030600,1.62E+14,197.25
197.25,195.25,203.5,194.15,198.25,12571550,2.49E+14,199.4
199.4,204.8,209.4,203.5,208.3,11025750,2.30E+14,209.4
209.4,216,217.45,209.65,213.67,16770050,3.58E+14,210.9
210.9,211,215.75,210,213.28,12502400,2.67E+14,213.45
213.45,211.5,213.4,208.4,211,9975250,2.10E+14,209.25
209.25,209,210.25,206,208.03,10775300,2.24E+14,207.55
207.55,208,213.75,208,212.37,6137300,1.30E+14,213.35
213.35,213.95,214.45,210.9,212.69,6219600,1.32E+14,211.35
211.35,211.1,212.2,210.1,211.21,4365550,9.22E+13,211.55
211.55,212.1,213.45,211.1,212.44,4216750,8.96E+13,212.7
212.7,213.45,214.9,206.1,209.77,9857900,2.07E+14,207.35
207.35,206.25,208.1,205.1,206.97,4844150,1.00E+14,207.6
207.6,208.45,211.25,208.45,209.73,5124350,1.07E+14,210.7
210.7,211.55,211.85,208.1,209.57,3993450,8.37E+13,208.95
208.95,208.9,209,206.5,207.42,3857850,8.00E+13,207.35
207.35,207.15,207.15,204.25,205.59,5161700,1.06E+14,205.5
205.5,205.1,207.9,202.1,205.04,4453100,9.13E+13,203.3
203.3,202,203.2,198.5,200.74,9699950,1.95E+14,201.8
201.8,202.95,203.35,199.55,201.23,6495950,1.31E+14,200.05
200.05,199.05,199.05,191.4,195.31,7469400,1.46E+14,192.9
192.9,193.05,198,192.8,194.83,6327950,1.23E+14,195.8
195.8,195,207.5,194.75,201.26,7278000,1.46E+14,205.35
205.35,205.95,207.55,197,201.31,8776600,1.77E+14,197.95
197.95,197.6,200.95,196,197.78,5679200,1.12E+14,196.85
196.85,196.05,197,192.15,194.48,5822600,1.13E+14,194.3
194.3,195,197.9,194.5,195.54,4716950,9.22E+13,195.8
195.8,197.9,201,196.5,198.98,5289550,1.05E+14,197.2
197.2,196.2,196.9,192.5,194.27,4696850,9.12E+13,194.1
194.1,193.95,193.95,187.15,189.52,9216800,1.75E+14,188.15
188.15,187,191.9,185.4,188.52,8880950,1.67E+14,191.05
191.05,192,192.85,188.55,190.9,6648800,1.27E+14,190.55
190.55,192.5,194.9,188.3,191.37,5450600,1.04E+14,189.7
189.7,190.75,192.25,186.25,188.82,6429800,1.21E+14,190.7
190.7,191.15,191.15,180.5,186.38,9715800,1.81E+14,187
187,186.1,190,181.55,185.35,7023050,1.30E+14,187.8
187.8,190,192,187.25,189.45,6260800,1.19E+14,190.25
190.25,189.7,196,188.8,192.96,6942750,1.34E+14,195.35
195.35,196.25,198.5,193.1,196.22,7793850,1.53E+14,195.1
195.1,193.25,194,188.55,191.1,5772250,1.10E+14,189.35
189.35,188.15,191.5,185.75,188.28,5791200,1.09E+14,188.8
188.8,192.05,192.95,187.85,190.19,4973450,9.46E+13,188.5
188.5,187.55,195,185.85,190.01,10020950,1.90E+14,193.35
193.35,194.5,198,191.8,195.01,16045900,3.13E+14,194.8
194.8,196.25,205.5,196.25,202.45,14445750,2.92E+14,201.75
201.75,212.2,214.7,209,211.93,11475300,2.43E+14,213.5
213.5,214.95,220.9,208.6,215.46,23731750,5.11E+14,210.7
210.7,209.95,215.25,209.55,213.01,10967450,2.34E+14,213.95
213.95,215,216,210.5,213.31,7101750,1.51E+14,211.55
211.55,210.55,216,206.05,209.61,9118100,1.91E+14,208.25
208.25,204.55,204.55,199.6,201.65,6246600,1.26E+14,202
202,203.45,216,195.45,199.59,6304450,1.26E+14,196.75
196.75,195,195,186.8,190.03,7849500,1.49E+14,188.7
188.7,188.15,190.65,184,187.49,6128200,1.15E+14,185.15
185.15,181.15,185.25,176.15,181.43,13392700,2.43E+14,182.95
182.95,185.4,186.35,183,184.71,7058450,1.30E+14,185.5
185.5,186.5,188.1,180.5,185.72,5585500,1.04E+14,187.15
187.15,188.75,188.9,182.1,184.21,4271200,7.87E+13,183.2
183.2,182.75,185.95,180.8,182.31,5730850,1.04E+14,183.45
183.45,182,187.75,182,185.66,3269600,6.07E+13,186.7
186.7,186,187,183.35,184.81,2821050,5.21E+13,184.25
184.25,183.65,187.9,183.05,185.37,3199150,5.93E+13,186.6
186.6,187.5,192.2,187.5,190.34,5731900,1.09E+14,191.7
191.7,192.15,192.95,187.45,189.68,5268400,9.99E+13,189.3
189.3,189.5,189.5,182.1,185.21,4153000,7.69E+13,182.85
182.85,182.55,184.6,177.85,181.37,7486400,1.36E+14,179.65
179.65,177.7,180.7,176.65,178.53,8285700,1.48E+14,177.85
177.85,177.25,190.3,173.75,180.38,12755750,2.30E+14,186.35
186.35,189.6,194.65,183.05,189.59,14217450,2.70E+14,189.4
189.4,183,183,177.25,180.52,7942250,1.43E+14,181.6
181.6,182,183.95,179.5,181.61,4642150,8.43E+13,180.65
180.65,181.9,183.3,180.3,181.87,3596550,6.54E+13,181.3
181.3,180.25,182.95,179.15,181.63,2612350,4.74E+13,180.85
180.85,180,186.4,179.7,182.95,7147250,1.31E+14,182.3
182.3,181,181,177.1,179.03,4818750,8.63E+13,179.75
179.75,178.1,184.9,176.75,182.05,6752800,1.23E+14,182.85
182.85,183.75,184.95,182,183.31,3980250,7.30E+13,183.15
183.15,182,184.55,181.85,183.29,2905650,5.33E+13,182.85
182.85,182,182.4,178.55,180.62,3923200,7.09E+13,179.7
179.7,180.45,192.3,180.45,188.59,7302800,1.38E+14,192.25
192.25,194,195.35,187.3,191,8672800,1.66E+14,188.05
188.05,187.1,189,185.3,187.13,4517750,8.45E+13,188.1
188.1,189.3,196,189.3,193.57,7091250,1.37E+14,194.8
194.8,194.5,196.1,190.2,193.1,6027750,1.16E+14,192.2
192.2,195,198.75,193.65,196.64,7059850,1.39E+14,195.05
195.05,194.5,197.5,192.75,194.25,4773200,9.27E+13,195.15
195.15,197.6,205.5,197.6,201.93,12818250,2.59E+14,204
204,204.95,204.95,199.6,201.92,7430700,1.50E+14,200.95
200.95,200.4,202,198.5,199.92,5456600,1.09E+14,200.55
200.55,204,210.75,204,208.48,5166900,1.08E+14,209.75
209.75,210.75,211,205.1,207.63,3726450,7.74E+13,206.65
206.65,209.5,220.5,209.5,216.55,10098300,2.19E+14,219.4
219.4,219.95,220,213.6,216.5,7447500,1.61E+14,214.2
214.2,212.55,217.25,212.55,215.46,7016100,1.51E+14,216.7
216.7,218,219,214.5,216.49,4696700,1.02E+14,215.3
215.3,215.1,218.45,213.8,216.64,6885700,1.49E+14,216.8
216.8,221.95,224.95,218.5,222.22,9667400,2.15E+14,220.35
220.35,218.75,221.9,217.35,219.36,7199100,1.58E+14,219.85
219.85,223.5,224.4,221.25,222.79,7252200,1.62E+14,222.6
222.6,220,223,218.5,220.64,5972500,1.32E+14,222.25
222.25,224,235.5,221.6,225.57,7681250,1.73E+14,231.1
231.1,235,247.3,233.55,243.04,13117950,3.19E+14,247.3
247.3,264.65,264.65,237.5,251.6,15216500,3.83E+14,241.15
241.15,233,247,233,241.07,13016800,3.14E+14,243.65
243.65,244,244.5,233.3,238.96,7685850,1.84E+14,234.95
234.95,233.5,237,228.1,232.78,8113650,1.89E+14,230.35
230.35,237,246.5,237,243.91,10437750,2.55E+14,246.1
246.1,252,261.15,252,256.89,18576950,4.77E+14,259.1
259.1,265,275,263.5,269.68,18446250,4.97E+14,268.3
268.3,273.75,276.15,267.65,271.79,11961600,3.25E+14,275.25
275.25,288,288,268.3,279.62,17977500,5.03E+14,274.25
274.25,269,278.5,268.5,273.56,21161700,5.79E+14,273.95
273.95,268.55,273,264,269.26,18290900,4.92E+14,267.8
267.8,259.5,264.75,250,258.87,13783000,3.57E+14,253.05
253.05,252.6,267.9,251.6,260.7,17401500,4.54E+14,263.8
263.8,271.5,273.9,261.3,268.57,13124850,3.52E+14,263.05
263.05,263.05,270.3,259.55,264.36,15902300,4.20E+14,267.3
267.3,268.5,275.45,266,270.66,16212500,4.39E+14,273.65
273.65,273.75,274.5,267.9,272.05,11531900,3.14E+14,272.65
272.65,270.95,276.95,270,274.03,9061450,2.48E+14,274.9
274.9,275,278.25,271.6,275.42,8989150,2.48E+14,273.85
273.85,272.25,274.95,270.6,272.62,7228650,1.97E+14,272.85
272.85,272,275,271.75,273.98,5155050,1.41E+14,274
274,277.5,280,273.5,276.53,8347150,2.31E+14,275.15
275.15,275.5,275.5,266.25,270.57,8953500,2.42E+14,268.25
268.25,270.1,273.6,266.45,270.17,10367550,2.80E+14,272.85
272.85,272,273.5,268.65,271.34,7473750,2.03E+14,270.15
270.15,268,269.35,265.4,267.39,7154250,1.91E+14,266.3
266.3,264.3,264.5,255.05,259.14,8546150,2.21E+14,256.3
256.3,255,268.85,253.05,263,18325350,4.82E+14,261.5
261.5,259.9,265.5,258.4,261.94,9192800,2.41E+14,263.85
263.85,265.1,270.75,264.9,267.46,9974050,2.67E+14,269.7
269.7,291.25,299,286,291.71,5895150,1.72E+14,293.75
272.2,301.95,313.75,299.1,304.79,14948700,4.56E+14,309.9
309.9,307.1,313.5,303.5,308.93,11965950,3.70E+14,305.2
305.2,306.5,309.95,302.45,306.19,10456000,3.20E+14,307.9
307.9,318,319.95,298.2,307.37,22387500,6.88E+14,303.95
303.95,299.1,303,296.5,299.71,14908400,4.47E+14,300.7
300.7,294.4,294.4,284.6,289.87,13707900,3.97E+14,286.2
286.2,284,287,268,277.56,20267850,5.63E+14,270.95
270.95,280.9,283.85,274.6,278.69,15580550,4.34E+14,278.75
278.75,281.45,281.85,273.4,276.77,9928400,2.75E+14,275.1
275.1,272,285,270.8,279.71,24243700,6.78E+14,280.65
280.65,281.95,286,278.6,282.79,16957000,4.80E+14,284.55
284.55,284.5,292.9,283.6,288.4,16542950,4.77E+14,288.3
288.3,293.95,295.25,281,287.26,12680400,3.64E+14,282.35
282.35,280.5,287.95,277.25,282.01,15359450,4.33E+14,284.25
284.25,288,290.9,286.25,288.82,10620500,3.07E+14,288.55
288.55,290.75,292,286.05,289,11376050,3.29E+14,288.55
288.55,291.75,295.9,290.55,292.98,14903950,4.37E+14,291.7
291.7,290.5,292.7,288.5,290.51,7979500,2.32E+14,291.6
291.6,271.2,271.2,262.45,267.22,130200,3.48E+12,262.8
262.8,242.35,265.95,240,258.33,17109400,4.42E+14,261.1
261.1,269.9,271.85,262.25,266.45,13204150,3.52E+14,265.5
265.5,265.95,269.75,263.2,267.2,10406300,2.78E+14,267.9
267.9,263.9,267.75,262.05,265.44,6981150,1.85E+14,266.75
266.75,265.75,265.95,262.3,264.65,6338250,1.68E+14,264.05
264.05,271.9,275.15,270.15,273.02,12600250,3.44E+14,274.25
274.25,270.5,271.75,256.25,266.63,12283450,3.28E+14,266.1
266.1,257,270.95,256.55,264.49,10105700,2.67E+14,267.8
267.8,263,268,261.55,263.62,4660300,1.23E+14,262.95
262.95,267.75,269.4,263.6,265.93,6776600,1.80E+14,265.55
265.55,269,280.85,267.8,275.59,12869650,3.55E+14,279.7
279.7,281.5,299.3,281.1,289.29,14540950,4.21E+14,299.2
299.2,306,318,297.05,308.63,25944750,8.01E+14,302.85
302.85,310,311,305.5,308.49,13670350,4.22E+14,306.6
306.6,307.85,308.75,303.1,305.65,10028900,3.07E+14,304.6
304.6,302.95,306.1,302.3,304.68,8658650,2.64E+14,305.45
305.45,305,307.6,303.5,305.5,6193600,1.89E+14,305.2
305.2,304.05,305.7,303.1,304.37,5587550,1.70E+14,305.15
305.15,312.5,314.75,309,311.03,12137950,3.78E+14,309.7
309.7,307,307.95,304.75,306.03,5832150,1.78E+14,305.35
305.35,301.2,302.5,298.3,300.12,9205300,2.76E+14,299.15
299.15,300,304,299.05,301.11,7088650,2.13E+14,302.8
302.8,304,304,300.2,301.91,4934700,1.49E+14,300.8
300.8,300.9,302.4,299.4,301.34,3548150,1.07E+14,301.85
301.85,302.5,302.9,300.5,301.5,3044550,9.18E+13,301.2
301.2,301,301.75,292.1,296.33,9763950,2.89E+14,292.9
292.9,292.5,294.5,291.6,292.84,5936350,1.74E+14,292.65
292.65,292.8,296.9,288.15,292.41,12775250,3.74E+14,296.05
296.05,294.25,296.5,293.25,294.86,6991100,2.06E+14,294.15
294.15,293.5,295.5,293.1,294.42,4154700,1.22E+14,294.75
294.75,298,301.1,295.65,298.26,5753500,1.72E+14,297.15
297.15,297.25,298.8,296.2,297.19,2307100,6.86E+13,297.1
297.1,297,297,291.55,294.14,5477750,1.61E+14,292.5
292.5,293.1,293.5,287.5,289.57,8790600,2.55E+14,289.85
289.85,289,294.45,286.6,290.28,11900650,3.45E+14,290.25
290.25,289.25,291.2,287.5,289.24,5089150,1.47E+14,288.15
288.15,289.3,292.4,282.2,287.7,12075100,3.47E+14,284.65
284.65,286,287.85,281.85,284.62,5179250,1.47E+14,282.55
282.55,281.9,296.2,280.9,289.29,18112100,5.24E+14,294.25
294.25,296.05,302.4,294.25,298.94,17128750,5.12E+14,301.05
301.05,303.5,305.95,300.55,303.36,11702900,3.55E+14,304.55
304.55,305,310.9,301,306.11,12898300,3.95E+14,303.35
303.35,306,307.35,302.55,304.41,6239400,1.90E+14,303.75
303.75,306.4,315.25,305.3,310.71,21223850,6.59E+14,310.75
310.75,312,313.25,307.5,310.08,9691350,3.01E+14,308.15
308.15,306,311.85,304.5,309.18,11571900,3.58E+14,308.9
308.9,312,315,309.8,312.19,10935550,3.41E+14,313.6
313.6,317.5,320.5,316.05,318.78,10125400,3.23E+14,317.3
317.3,317.4,324.95,317,321.58,14667500,4.72E+14,324
324,326,328.5,320.5,325.16,11054900,3.59E+14,322.9
322.9,320.9,322,313.25,316.72,9620100,3.05E+14,315.35
315.35,319,323,318.15,320.54,9711150,3.11E+14,319.85
319.85,326,329.45,322.35,325.85,8534650,2.78E+14,323.75
323.75,321,344,319.55,333.16,20688800,6.89E+14,341.9
341.9,346.05,365.5,345.5,357.4,25444500,9.09E+14,359.7
359.7,363.5,371.7,363.25,366.9,13362050,4.90E+14,365.05
365.05,365,372,363.2,367.23,10939200,4.02E+14,368.85
368.85,379,383.9,366,373.37,25120400,9.38E+14,368.55
368.55,368.25,390,352.1,376.52,41989250,1.58E+15,379.7
379.7,376.8,378.5,368.5,373.44,14258200,5.32E+14,369.65
369.65,365,369.9,361.55,365.22,14404300,5.26E+14,368.35
368.35,372,373.8,362,368.3,15785650,5.81E+14,365.7
365.7,370.45,376.9,368,372.59,12590100,4.69E+14,370.15
370.15,368.25,371.5,364.1,367.23,8066750,2.96E+14,365.25
365.25,366.25,367.25,356.7,361.64,11064850,4.00E+14,358.95
358.95,358,365.25,357.35,362.34,9823300,3.56E+14,360.35
360.35,359.55,361.75,354,357.42,11029300,3.94E+14,356
356,364,366.8,363,364.79,7679100,2.80E+14,365.45
365.45,368,372,364.5,369.45,12326050,4.55E+14,367.05
367.05,362.4,363,357.3,359.98,8651050,3.11E+14,358.75
358.75,356.1,358,344,350.42,11318000,3.97E+14,346.1
346.1,348.75,351.4,345.5,348.1,9647900,3.36E+14,347.65
347.65,353,355.9,349.1,352.87,10539000,3.72E+14,350.8
350.8,351,352.5,347.55,350.27,6988650,2.45E+14,350
350,345,345.9,342.25,344.26,4019400,1.38E+14,345.15
345.15,347,347.4,342.75,345.09,5851100,2.02E+14,344.3
344.3,348,361.5,347.75,355.7,14504800,5.16E+14,360.15
360.15,363,364.9,353,359.97,11713550,4.22E+14,355
355,353,354.4,346.05,350.83,10809800,3.79E+14,350.85
350.85,352,354,349,351.26,5526950,1.94E+14,351.65
351.65,351,355,350.05,352.74,8608500,3.04E+14,354.4
354.4,356.85,358.75,352.55,355.53,4872200,1.73E+14,353.4
353.4,354.25,360.9,352.7,358.04,8748900,3.13E+14,360
360,360.95,364.7,359.5,362.06,10808350,3.91E+14,363.75
363.75,365,366.45,361.8,364.41,7428300,2.71E+14,362.85
362.85,364,373,362.25,367.38,9478850,3.48E+14,371
371,374,375,370.1,372.28,1517900,5.65E+13,373.25
373.25,362.15,378,362.15,372.55,17387150,6.48E+14,372.65
372.65,370.1,374.2,370,372.38,6845200,2.55E+14,372.65
372.65,372,379.35,370.25,375.14,10058100,3.77E+14,378.2
378.2,379.35,385.5,375,381.53,12596550,4.81E+14,378.55
378.55,373.9,376.6,372,374.45,6075400,2.27E+14,374.5
374.5,373.5,375.85,372.05,373.47,5319400,1.99E+14,372.8
372.8,371.95,371.95,364.15,366.32,4622550,1.69E+14,365.25
365.25,365.95,367.75,360,364.2,6195750,2.26E+14,362.1
362.1,362.5,366.45,360.35,363.29,5661200,2.06E+14,365.8
365.8,366.95,368,358.3,360.77,4758750,1.72E+14,359.15
359.15,358.5,360,347.5,352.31,9703450,3.42E+14,348.25
348.25,345.7,345.7,336,340.68,10295750,3.51E+14,339.95
339.95,341,346.4,339.35,342.52,9893000,3.39E+14,341.55
341.55,351.9,359.9,346.5,350.43,6359050,2.23E+14,347.35
347.35,345.35,347,338.05,342.13,7719750,2.64E+14,339.15
339.15,338.1,338.9,327.9,333.13,10520650,3.50E+14,330.3
330.3,330.75,339.9,330,335.29,9869050,3.31E+14,338.05
338.05,340,342.7,332.5,337.83,10907700,3.68E+14,338.7
338.7,344.5,346.45,338.5,342.67,9627150,3.30E+14,340.25
340.25,339.1,345.5,337,340.81,9559950,3.26E+14,344.3
344.3,345.5,347.35,342.1,345.03,8457300,2.92E+14,345.4
345.4,342,345.5,340,343.01,4743600,1.63E+14,344.75
344.75,345.8,347.4,343.2,345.05,5540300,1.91E+14,345.1
345.1,342.15,344,340.05,342.44,4982100,1.71E+14,342.2
342.2,343.5,351.35,342.8,347.87,10677400,3.71E+14,347.5
347.5,345.4,346.8,343.8,345.19,5003150,1.73E+14,345.4
345.4,344.65,346.75,343.55,345.17,3031900,1.05E+14,344.65
344.65,345.15,354.2,345.15,351.27,8454700,2.97E+14,351.4
351.4,352.15,354,351.5,352.49,694650,2.45E+13,352.15
352.15,348,349,344.5,347.15,5729550,1.99E+14,347.05
347.05,347.95,351.5,346.5,348.55,5247400,1.83E+14,347.05
347.05,346.3,346.3,336.1,339.31,6093950,2.07E+14,337.2
337.2,336.1,339.5,335,337.49,4867500,1.64E+14,336.95
336.95,343,345.9,339.55,342.05,3910550,1.34E+14,340.2
340.2,339,348.5,338,344.75,10090200,3.48E+14,347.3
347.3,349,354.8,349,352.1,9100250,3.20E+14,351.75
351.75,356,362.1,355.05,358.82,8606250,3.09E+14,358.3
358.3,357.85,362.95,356.75,359.67,7098800,2.55E+14,361.45
361.45,361,363.5,354.9,358.6,8612900,3.09E+14,360.9
360.9,364.25,385.9,363.25,373.99,20416000,7.64E+14,383.35
383.35,386.7,421.7,386.7,413.45,30093250,1.24E+15,421.5
421.5,429.9,440.8,425.4,432.66,29317850,1.27E+15,430.2
430.2,428,433.15,391,418.57,29622600,1.24E+15,399.5
399.5,401.7,407.7,395.25,400.56,14544950,5.83E+14,402.2
402.2,404.95,413.3,399.6,403.84,16183450,6.54E+14,404.35
404.35,406,413.65,403.8,408.05,14972600,6.11E+14,406.25
406.25,405.05,411.25,400,406.95,9373850,3.81E+14,410.3
410.3,411,419.8,405,413.36,17575000,7.26E+14,408.55
408.55,414,418.8,410.75,414.26,11694600,4.84E+14,412.35
412.35,413,415.5,401.15,408,14009550,5.72E+14,405.45
405.45,405,405,390.3,396.57,16097850,6.38E+14,395.95
395.95,380.9,393.25,376.65,381.17,12451750,4.75E+14,378.4
378.4,377.1,377.1,340.6,348.31,14818300,5.16E+14,341.15
341.15,348.85,375.1,348.85,367.22,17027850,6.25E+14,374.15
374.15,372.05,372.05,357.6,363.56,6093100,2.22E+14,362.5
362.5,363.05,371.8,353.05,360.4,9882650,3.56E+14,362.8
362.8,362,369,350.75,358.35,10341750,3.71E+14,354.15
354.15,184,187.25,181.65,183.77,6848700,1.26E+14,182.65
182.65,182,182,177.25,179.28,7167950,1.29E+14,180.5
180.5,178.05,179.9,177.1,178.51,3644850,6.51E+13,178.55
178.55,177.6,177.6,174.2,175.77,4368400,7.68E+13,174.55
174.55,174.1,177.35,173.55,175.5,4390400,7.71E+13,175.45
175.45,174.95,176.4,168.55,172.26,10872250,1.87E+14,169.25
169.25,168.2,168.5,161.75,164.58,10998650,1.81E+14,164
164,165.35,168.25,163.4,166.05,8449500,1.40E+14,167.2
167.2,166.5,167,162.55,163.84,6808150,1.12E+14,163.4
163.4,162.8,162.8,156.6,158.39,11520100,1.82E+14,157.3
157.3,156.05,158.75,151.3,155.21,9466000,1.47E+14,155.35
155.35,154.1,157.9,153,155.52,7180250,1.12E+14,155.4
155.4,154,156.75,147.65,150.85,9583350,1.45E+14,148.3
148.3,147.5,160.4,147.1,156.31,15819350,2.47E+14,157.5
157.5,159,167,159,163.9,13810950,2.26E+14,163.7
163.7,163,167.5,159.1,164.85,12915300,2.13E+14,166.95
166.95,166.1,166.1,156.7,160.11,13317000,2.13E+14,158.65
158.65,157.1,161.95,155.25,158.82,7433600,1.18E+14,160.7
160.7,160.3,162,157.05,159.66,7733450,1.23E+14,158.05
158.05,158.9,161.25,157.2,159.25,7545100,1.20E+14,158.65
158.65,157.75,171.5,153.5,163.45,26269800,4.29E+14,160.85
160.85,160.1,170.45,160.1,166.3,18567650,3.09E+14,163.3
163.3,164.1,168.95,164,167.03,9815800,1.64E+14,167.55
167.55,168,169.55,152.1,161.7,17631250,2.85E+14,155.95
155.95,154.1,156.9,151.55,154.22,8019450,1.24E+14,154.2
154.2,154.05,157.45,149.65,153.01,10980000,1.68E+14,156.1
156.1,156.9,156.9,149.8,152.63,13504300,2.06E+14,150.45
150.45,150.15,155.4,147.65,152.02,12692450,1.93E+14,154.65
154.65,155,157.65,152.3,154.78,10053750,1.56E+14,156.25
156.25,158,159.9,155.15,157.31,5294100,8.33E+13,157.15
157.15,157.7,162.9,156.1,159.36,9701200,1.55E+14,157.2
157.2,156.35,161.3,155.5,159.53,9096600,1.45E+14,160.75
160.75,161.95,164.35,161.1,162.56,6479300,1.05E+14,162.75
162.75,163.4,165.35,162.9,164.22,6026200,9.90E+13,164.55
164.55,163.25,163.25,159.75,161.35,5194500,8.38E+13,162.6
162.6,163,167.25,162.5,165.58,6882600,1.14E+14,166.5
166.5,166.5,170.25,166.5,168.77,5838150,9.85E+13,169.45
169.45,170.5,170.5,164.25,166.99,5103800,8.52E+13,165.55
165.55,165,169.45,165,167.75,4398700,7.38E+13,167.7
167.7,166.85,171.25,165.95,169.28,6137700,1.04E+14,169.25
169.25,170,171.15,168.75,169.94,3282150,5.58E+13,169.3
169.3,170.15,174.5,170.15,173.15,6552200,1.13E+14,172.45
172.45,171.3,172.5,168.8,170.26,4902800,8.35E+13,171.05
171.05,172.8,173.25,169.2,171.35,7187800,1.23E+14,172.75
172.75,172.2,172.7,167.25,170.25,8055750,1.37E+14,168.3
168.3,167.15,167.15,163.05,164.56,7447850,1.23E+14,164
164,163.1,163.1,155.1,157.78,8370350,1.32E+14,156.4
156.4,156.25,160.9,156.25,158.95,6080400,9.66E+13,157.9
157.9,162.5,162.5,153.5,156.3,7148200,1.12E+14,154.85
154.85,153.8,157.1,153,154.82,4951000,7.66E+13,156.4
156.4,157.3,158,155.55,156.99,3459750,5.43E+13,157.2
157.2,156.5,161.9,155.05,158.95,6073200,9.65E+13,161.05
161.05,161.8,164.15,157.05,161.08,5405000,8.71E+13,158.4
158.4,159,160,158.1,159.06,3052950,4.86E+13,158.8
158.8,158.4,158.4,155.3,156.32,3445150,5.39E+13,155.95
155.95,155.5,156.5,153.8,155.03,3561300,5.52E+13,154.4
154.4,154.9,154.9,150.2,152.59,5042250,7.69E+13,151.5
151.5,150.1,152,146.65,149.2,6226950,9.29E+13,148.2
148.2,147.5,150.4,147.05,148.79,3329000,4.95E+13,149.7
149.7,150.3,154.55,149.75,152.62,5946050,9.07E+13,154.2
154.2,155,157.2,154.1,155.9,4835950,7.54E+13,156.75
156.75,157.25,160.05,155.65,157.74,6170600,9.73E+13,159.15
159.15,159.5,159.85,153.35,157.31,5461200,8.59E+13,154.3
154.3,154,157.4,154,156.38,4186350,6.55E+13,156.15
156.15,156.4,157.5,155.3,156.24,3146850,4.92E+13,156.4
156.4,156.85,159.2,156.05,157.74,3862050,6.09E+13,158.05
158.05,157.55,158.25,156.4,157.44,3069300,4.83E+13,157.35
157.35,156.4,157,150.95,153.17,4148800,6.35E+13,152.5
152.5,152,152.75,148.35,150.14,6549500,9.83E+13,149.25
149.25,149.95,151.75,149.1,150.29,3187750,4.79E+13,150.85
150.85,151.85,153.95,150.3,151.8,4995900,7.58E+13,151.3
151.3,151.1,151.75,149.4,150.32,2373100,3.57E+13,150.1
150.1,150.7,155.4,150.05,153.41,6220750,9.54E+13,152.8
152.8,153.4,154.4,150.05,151.77,4873550,7.40E+13,150.35
150.35,151.1,153.25,150.55,151.98,3515600,5.34E+13,152.7
152.7,153.35,153.75,151.7,152.77,4780600,7.30E+13,152.7
152.7,154.5,158,153.3,156.7,5975150,9.36E+13,157.15
157.15,157.35,158.6,155.8,157.39,4684600,7.37E+13,157.3
157.3,157.65,161.25,157.5,159.42,6792950,1.08E+14,160.2
160.2,160.8,168.25,160.8,164.98,8826500,1.46E+14,167.1
167.1,166.5,168,158.6,161.79,7098400,1.15E+14,160.45
160.45,162.1,168,162,165.75,6201500,1.03E+14,166.2
166.2,165.5,171.9,164,168.9,8462300,1.43E+14,166.75
166.75,166.1,167.4,164,165.63,5907250,9.78E+13,165.75
165.75,166.7,182.15,166.7,174.62,18901050,3.30E+14,180.8
180.8,181,183.4,175,179.1,12747800,2.28E+14,176.45
176.45,178.15,179.8,169.65,174.85,14177400,2.48E+14,172
172,172,172.45,168.95,170.5,10902050,1.86E+14,170.3
170.3,170.9,180.65,170.9,178.39,12007250,2.14E+14,176.35
176.35,175.75,176.5,172.7,174.14,8410350,1.46E+14,174.8
174.8,178.5,180.4,177.6,178.88,6532400,1.17E+14,178.75
178.75,179.35,180.15,175.35,177.22,6409250,1.14E+14,176.2
176.2,175.35,178.25,173.75,176.21,7573850,1.33E+14,177.35
177.35,178.5,181,178.5,179.98,1758700,3.17E+13,180.2
180.2,184,184.9,177.5,180.48,8838650,1.60E+14,178.7
178.7,181.5,184.6,179,182.32,8936250,1.63E+14,183.85
183.85,183.85,184.25,178.75,181.37,6915150,1.25E+14,179.45
179.45,179.1,180.75,178.25,179.74,6087650,1.09E+14,180.4
180.4,181.35,182.7,176.55,179.87,5759900,1.04E+14,177.3
177.3,176.35,177.95,174,175.88,8030800,1.41E+14,175
175,177.5,183.5,177,181.34,8618000,1.56E+14,182.85
182.85,183.5,186,181.35,183.19,5859700,1.07E+14,181.85
181.85,181.5,185.5,181.5,183.94,7070950,1.30E+14,184.95
184.95,185.75,186.7,184,185.31,5626300,1.04E+14,184.85
184.85,184.5,187.5,183.1,185.31,8637750,1.60E+14,185.35
185.35,188.9,202.65,188.9,199.35,10915150,2.18E+14,199.45
199.45,199,199.9,194.25,196.56,7098200,1.40E+14,194.95
194.95,192.1,192.2,188.45,189.98,8805100,1.67E+14,189.2
189.2,195.5,199.9,194,197.1,6433300,1.27E+14,198.75
198.75,198.7,199,194.15,196.47,4399100,8.64E+13,194.95
194.95,194.9,199.45,193.6,197.02,6778200,1.34E+14,198.9
198.9,199.7,202.2,196.5,199.8,7282700,1.46E+14,197.8
197.8,198.5,200.75,197.5,198.92,5535050,1.10E+14,199.25
199.25,202,206.75,197,202.47,11597550,2.35E+14,198.05
198.05,196.9,197.8,189.7,194.2,9297250,1.81E+14,190.9
190.9,191.25,192.8,187.05,190.22,10176550,1.94E+14,191.6
191.6,191.85,193.5,187.5,190.39,12317400,2.35E+14,188.15
188.15,188,188.45,184.1,186.19,10659050,1.98E+14,185
185,194.9,198,189.65,194.24,8432100,1.64E+14,190.45
190.45,189.55,192.85,188.6,191.14,7168200,1.37E+14,191.95
191.95,192.5,195.5,192.1,194.12,5444000,1.06E+14,194.75
194.75,194.5,195.35,193.7,194.49,2748800,5.35E+13,194.8
194.8,194.9,195,190.3,191.91,4873800,9.35E+13,190.9
190.9,190.15,191.2,189.1,190.03,3780450,7.18E+13,190
190,189.55,191.25,189.15,190.58,1791250,3.41E+13,190.75
190.75,190.4,190.4,182.35,185.83,7050950,1.31E+14,185.35
185.35,185,185,172.3,179.67,9114100,1.64E+14,174.8
174.8,172.5,180,170.1,174.93,12359650,2.16E+14,178.7
178.7,180.45,182.9,176.4,179.29,8297500,1.49E+14,177.2
177.2,178.45,181.45,178.45,179.95,4107650,7.39E+13,179.15
179.15,179.1,181.5,178.5,179.69,4430550,7.96E+13,180.9
180.9,181.2,183.8,180.1,181.98,6010150,1.09E+14,183.2
183.2,184,185.45,179.7,182.59,8557650,1.56E+14,181
181,181.5,182.5,180,181.49,4451000,8.08E+13,181.85
181.85,179.5,184.35,179.1,182.72,5739850,1.05E+14,182.55
182.55,182,182.6,180.8,181.63,3496800,6.35E+13,181.85
181.85,181,181,172.65,176.87,9043850,1.60E+14,173.6
173.6,172.6,174.1,165.7,169.66,11849200,2.01E+14,166.3
166.3,165.85,171,158.5,165.07,15510800,2.56E+14,166.85
166.85,169,178,163.6,171.34,17442900,2.99E+14,165.25
165.25,166,166,153.8,159.76,21936150,3.50E+14,155.55
155.55,160,166.9,158.55,163.49,10481500,1.71E+14,165.8
165.8,167,167.5,162.6,164.73,5952000,9.80E+13,163.4
163.4,162.15,162.9,156.4,160.13,8024500,1.28E+14,158
158,159.5,160.5,150.5,154.92,8002700,1.24E+14,155.6
155.6,156.5,158.25,153.3,155.25,7230000,1.12E+14,154.8
154.8,155.5,156,149,151.63,6845850,1.04E+14,149.65
149.65,148.1,152.55,146,149.73,7064350,1.06E+14,151.7
151.7,152.45,154.75,149.7,152.43,5216150,7.95E+13,151.75
151.75,151.3,151.3,145,147.47,4341550,6.40E+13,145.7
145.7,145,145.65,138.3,142.97,7631900,1.09E+14,145
145,148.25,156.7,148.25,153.51,5823450,8.94E+13,153.6
153.6,155.5,158.5,148,153.27,5836300,8.95E+13,148.9
148.9,147.15,147.15,141,143.51,5047900,7.24E+13,142.05
142.05,140.1,142.25,130.5,136.24,5122450,6.98E+13,139.15
139.15,138.5,141.3,135,138.79,6403900,8.89E+13,139.25
139.25,142,144.7,140.55,142.94,4034150,5.77E+13,144.1
144.1,144.5,149.2,144.5,147.35,4931650,7.27E+13,147.3
147.3,147,148,142.2,144.88,4517200,6.54E+13,143.65
143.65,143.5,146.7,142,145.35,2815500,4.09E+13,146.25
146.25,146.9,146.9,143,144.43,5662200,8.18E+13,143.55
143.55,141,143.9,139.75,141.44,4017300,5.68E+13,142.25
142.25,141.9,145.45,140.25,143.64,4853000,6.97E+13,142.4
142.4,142.45,142.95,138.55,141.02,3466150,4.89E+13,139.6
139.6,140.95,143.95,140.15,142.36,3017050,4.30E+13,143.55
143.55,143.85,145.7,142.8,144.14,4833950,6.97E+13,143.45
143.45,146,147.7,145.1,146.17,3490450,5.10E+13,145.9
145.9,146.5,148.5,145.2,146.95,4523600,6.65E+13,145.95
145.95,146.9,150.4,146.8,148.91,6281750,9.35E+13,149.8
149.8,150.1,154.4,146.25,151.49,5931350,8.99E+13,147.7
147.7,147,148.75,145.75,147.36,3573550,5.27E+13,147.7
147.7,151,152.4,147.15,150.18,4325450,6.50E+13,147.9
147.9,148.8,151.45,147.75,149.89,3431450,5.14E+13,150.9
150.9,151,151.95,148.1,150.1,4082200,6.13E+13,149.35
149.35,151.4,151.4,145.25,147.18,3178150,4.68E+13,145.9
145.9,146.2,147.35,140.5,143.42,5688900,8.16E+13,141.05
141.05,142.5,143.85,140.1,141.98,4805450,6.82E+13,140.85
140.85,141.3,141.45,135.15,138.51,5481600,7.59E+13,135.7
135.7,135.45,137.5,133.25,135.06,5035200,6.80E+13,133.95
133.95,135,136,130.1,132.3,3931900,5.20E+13,130.75
130.75,130.9,135,130.55,132.86,5224600,6.94E+13,134.35
134.35,135,139.85,133.3,137.09,5592100,7.67E+13,138.5
138.5,138.9,140.5,135.5,138.09,3415300,4.72E+13,136.55
136.55,136.95,138.5,135.5,136.64,2339000,3.20E+13,135.95
135.95,135.05,135.05,131.85,132.72,2222350,2.95E+13,132.45
132.45,132.2,134.5,132.2,133.4,3175250,4.24E+13,133.25
133.25,132,133.45,130.1,131.39,4319850,5.68E+13,132.35
132.35,133.5,133.75,129.8,131.5,4970600,6.54E+13,130.3
130.3,131,131.25,129.65,130.5,4566500,5.96E+13,130.2
130.2,129.75,129.75,126.45,127.69,4096200,5.23E+13,126.65
126.65,126.55,126.55,123.6,125.09,6171150,7.72E+13,124.25
124.25,122,123.8,120.1,122.39,4993150,6.11E+13,122
122,122,124.5,120.85,123.06,4108600,5.06E+13,123
123,123,123.6,120.05,121.56,5404050,6.57E+13,120.45
120.45,121.9,123,119.4,121.23,4116050,4.99E+13,119.9
119.9,119.75,119.8,114.1,116.3,7541800,8.77E+13,114.45
114.45,114.9,117,105.55,110.96,15000450,1.66E+14,109.5
109.5,110.8,118.3,109.5,114.04,11203850,1.28E+14,118.25
118.25,118.3,122.7,115.05,118.88,14840950,1.76E+14,116
116,115.75,118.4,110.2,113.61,6128050,6.96E+13,114.4
114.4,115,117.5,114.3,115.88,7938650,9.20E+13,115.4
115.4,116.9,117.85,113.05,115.36,7351900,8.48E+13,113.7
113.7,113.05,113.05,107.3,108.84,8790250,9.57E+13,107.8
107.8,108,109.4,105.8,107.66,4725550,5.09E+13,107.1
107.1,106.9,106.9,102,104.07,7218100,7.51E+13,103
103,106,106.3,104,105.23,4516000,4.75E+13,104.95
104.95,104.5,109.4,104.2,106.96,8695600,9.30E+13,106.25
106.25,106.95,114.75,106.95,112.07,14692200,1.65E+14,114.7
114.7,116.9,118.85,115.25,117.02,11094800,1.30E+14,117.2
117.2,117.7,117.7,114.4,115.79,7071900,8.19E+13,116.7
116.7,118.9,121.7,117,119.74,11839250,1.42E+14,118
118,117.55,121.4,116.3,119.26,13635900,1.63E+14,119.7
119.7,119,119,116.35,117.51,8443900,9.92E+13,117.65
117.65,118.3,123.5,118.3,121.89,12550300,1.53E+14,122.85
122.85,122.45,122.5,120.1,121.26,8863050,1.07E+14,120.65
120.65,122.5,122.7,119.3,121.3,6103750,7.40E+13,119.8
119.8,119.7,122.4,119.1,121,9140400,1.11E+14,120.25
120.25,120,120.7,118.5,119.52,5553950,6.64E+13,119.95
119.95,120.9,124.75,120.9,123.63,9901800,1.22E+14,122.55
122.55,122.85,123.45,120.05,121.68,9036050,1.10E+14,121.05
121.05,122.5,124.2,121.95,122.97,6057150,7.45E+13,122.95
122.95,123.9,126.25,123.9,125.16,7852400,9.83E+13,125.7
125.7,125.3,128.2,125.3,126.74,8897850,1.13E+14,126.6
126.6,127.35,127.85,125,126.22,5661600,7.15E+13,125.3
125.3,125.45,126.85,119.55,123.14,8627150,1.06E+14,120.75
120.75,120.5,121.2,118.75,119.54,7997000,9.56E+13,119.25
119.25,118.55,118.55,109.75,111.57,5921350,6.61E+13,109.75
109.75,108,110.8,106.05,108.61,7644600,8.30E+13,109.35
109.35,111,115,111,113.48,7141800,8.10E+13,114.55
114.55,115.5,116.25,108,111.65,11851150,1.32E+14,108.6
108.6,109,113.9,108.25,111.67,12110950,1.35E+14,110.55
110.55,111.5,113.1,106.2,109.25,7449250,8.14E+13,107.2
107.2,106.35,106.35,102.8,104.53,9672450,1.01E+14,103.45
103.45,105.6,110.5,104.7,107.31,8844200,9.49E+13,109.65
109.65,108.1,108.9,105.8,107.29,5988350,6.42E+13,106.4
106.4,107.1,108.95,105.65,106.99,5694600,6.09E+13,107.15
107.15,107.7,107.7,105.25,105.97,2126500,2.25E+13,105.5
105.5,105.6,105.6,99.6,101.84,7844400,7.99E+13,101.3
101.3,102.6,107.25,102.6,105,7514450,7.89E+13,106
106,106.55,107.8,104.8,106.59,10521050,1.12E+14,106.7
106.7,107.9,115.25,107.9,114.67,6971000,7.99E+13,115.25
115.25,117,117.8,113.7,115.39,8166650,9.42E+13,115.3
115.3,118.1,118.1,113.25,115.89,6609700,7.66E+13,113.95
113.95,112.8,113.6,111.25,112.45,6010950,6.76E+13,113.05
113.05,112.5,114.25,110,112.09,7305300,8.19E+13,110.7
110.7,110,110,108.6,109.28,1785000,1.95E+13,109.55
109.55,110.1,111.6,108.1,109.93,7327850,8.06E+13,110.5
110.5,110.5,110.5,108.3,109.12,7080450,7.73E+13,108.65
108.65,110,111.55,109.35,110.81,7008900,7.77E+13,111.25
111.25,111.45,119.9,111.45,115.81,17528150,2.03E+14,118.45
118.45,120,125.3,120,122.99,14346550,1.76E+14,122.55
122.55,122.4,123.45,120.7,121.89,8965400,1.09E+14,122.3
122.3,124,124.25,119.25,122.38,8083650,9.89E+13,120.2
120.2,119,127.5,116.75,121.39,19808200,2.40E+14,124.9
124.9,125.25,126.35,121.6,124.04,18575850,2.30E+14,122.8
122.8,121.15,121.15,117.5,119.42,9553150,1.14E+14,118.2
118.2,117.95,121.15,117.5,119.75,10687350,1.28E+14,120.35
120.35,120.5,122.25,120.5,121.35,6548600,7.95E+13,121.6
121.6,121.15,124.45,119.2,121.74,18946150,2.31E+14,119.5
119.5,119.05,121.5,118.4,119.86,10776850,1.29E+14,119.7
119.7,119.8,120,119.1,119.54,1487550,1.78E+13,119.55
119.55,119,119.2,116.9,117.82,6774550,7.98E+13,117.35
117.35,118,118.85,116.85,117.64,7120750,8.38E+13,116.85
116.85,116,118.2,113.15,116.09,8947100,1.04E+14,113.45
113.45,113.35,114.2,111,112.49,8787050,9.88E+13,111.95
111.95,112.2,112.95,109.75,111.4,5449450,6.07E+13,111.3
111.3,110.2,112.25,109.55,110.65,5656600,6.26E+13,112.25
112.25,111.7,112.9,111.2,112.05,6903500,7.74E+13,112.15
112.15,113.2,115.35,112.15,113.97,10075750,1.15E+14,113.05
113.05,113.2,113.25,111.8,112.41,5029900,5.65E+13,112
112,111.95,113.75,111.6,112.81,5231550,5.90E+13,113.5
113.5,113.45,116.2,113.1,114.7,6756400,7.75E+13,115.85
115.85,115.5,116.4,114.55,115.39,5415850,6.25E+13,116.1
116.1,117.8,120.2,117,118.87,11618150,1.38E+14,118.2
118.2,119.1,120.4,118.5,119.48,7938150,9.48E+13,119.45
119.45,120.1,120.3,118.9,119.66,5646250,6.76E+13,119.85
119.85,119.7,120.5,117.75,119.26,4789950,5.71E+13,118.15
118.15,117.5,118.45,115.25,116.85,9873600,1.15E+14,115.25
115.25,115.4,116.6,114.65,115.64,4306300,4.98E+13,116.55
116.55,112.5,115.15,111.65,113.41,6120650,6.94E+13,112
112,111.95,113.5,111.7,112.59,4608700,5.19E+13,112.65
112.65,114.25,116.8,114,115.5,5992100,6.92E+13,116.6
116.6,116.8,118.6,114.5,116.41,9113800,1.06E+14,118.2
118.2,120,120,116.6,118.82,6508300,7.73E+13,116.6
116.6,116.1,117.1,115.65,116.33,4441800,5.17E+13,116.35
116.35,118,121.4,117.5,119.63,8584450,1.03E+14,120.5
120.5,120.45,120.9,118.55,119.85,5773300,6.92E+13,119.3
119.3,121.3,124.55,121.1,122.97,8684150,1.07E+14,122.85
122.85,122.8,122.8,119.6,121.46,5269850,6.40E+13,119.6
119.6,120,122.45,119.6,121.26,6576900,7.98E+13,122.2
122.2,123,125.25,122.35,124.04,9037400,1.12E+14,123.5
123.5,123.75,124,122.3,123.06,6178050,7.60E+13,123
123,125.25,125.65,123.7,124.65,7107150,8.86E+13,124
124,124.45,131.75,124.3,128.23,16953950,2.17E+14,130
130,133,140.4,131.4,135.66,17842900,2.42E+14,140.4
140.4,146,151.65,145.1,148.92,16650850,2.48E+14,145.1
145.1,142.75,144.85,139.15,142.05,9916900,1.41E+14,141.6
141.6,143.5,144.8,137.25,141.74,12527050,1.78E+14,138.6
138.6,134.4,139,133.75,135.91,8512650,1.16E+14,136.15
136.15,138,138.2,133.5,136.01,7780350,1.06E+14,135.05
135.05,136.9,136.9,129,133.34,14379850,1.92E+14,135.5
135.5,133.5,133.5,129.5,131.17,9965500,1.31E+14,130.05
130.05,130.5,133.25,126.75,129.88,8576450,1.11E+14,133.25
133.25,134,138.75,133.6,135.96,8865150,1.21E+14,135.1
135.1,133,134.8,130.1,132.42,8184000,1.08E+14,133.2
133.2,135.75,138.5,134.5,136.77,6855100,9.38E+13,136.25
136.25,135.5,137,132.5,135.09,4774750,6.45E+13,132.55
132.55,134.5,134.5,131.5,132.71,3592300,4.77E+13,132.65
132.65,131.5,132.75,128.5,130.95,3307750,4.33E+13,128.5
128.5,128,128.8,124.6,126.52,5581300,7.06E+13,125.4
125.4,127.5,129.25,126.3,127.83,4738550,6.06E+13,129.25
129.25,129.45,130,125,128.04,4712100,6.03E+13,125.6
125.6,125.6,126.3,122.3,123.8,4110200,5.09E+13,122.5
122.5,122,123,118.35,120.99,3490500,4.22E+13,118.5
118.5,118.1,120.3,116.6,117.8,5373250,6.33E+13,120.3
120.3,120.5,123.3,119.1,121.21,5214250,6.32E+13,123
123,123.5,124.5,121.85,123.43,4469350,5.52E+13,122.1
122.1,122.5,123.9,121.9,122.76,3262150,4.00E+13,122.1
122.1,122.1,122.5,119.05,121.05,2953650,3.58E+13,119.15
119.15,118.45,120.55,118.1,119.56,4781050,5.72E+13,119.8
119.8,120.8,124.4,119.9,122.3,6756700,8.26E+13,121.85
121.85,123,131.6,122.1,128.07,11075050,1.42E+14,131.6
131.6,134.4,142.15,134.1,139.67,16287950,2.27E+14,141.4
141.4,142.9,142.9,131,137.98,12907500,1.78E+14,131
131,130.55,137.95,130,133.96,11517650,1.54E+14,137.8
137.8,139,142.6,136.8,140.38,16886600,2.37E+14,140.9
140.9,140.1,143.75,138.25,142.01,14000700,1.99E+14,139.7
139.7,140.45,141.9,138.25,140.16,8623200,1.21E+14,139.9
139.9,142,145.5,133.1,140.95,20903450,2.95E+14,144.2
144.2,145,146.5,141.7,144.39,12638150,1.82E+14,145
145,149.9,155.25,147.5,152.49,16618450,2.53E+14,150.5
150.5,154.5,155,149.55,152.47,9392500,1.43E+14,151.6
151.6,153.6,157.45,151.5,154.33,12506850,1.93E+14,152.7
152.7,155,156.9,150.05,153.78,9444250,1.45E+14,152.8
152.8,152.65,153.5,149,150.7,9531950,1.44E+14,150
150,151.75,151.75,142.25,146.4,7933650,1.16E+14,144
144,144.1,145,139.6,142.13,4957550,7.05E+13,139.6
139.6,139.65,140.7,136.25,138.54,6787500,9.40E+13,137.6
137.6,138.6,142.7,137,140.22,5843750,8.19E+13,139.25
139.25,138.4,139.75,133.5,136.99,6336150,8.68E+13,133.5
133.5,135.5,138.85,131.6,135.25,5743650,7.77E+13,132
132,132,133.25,130.7,132.09,4283400,5.66E+13,133.2
133.2,133.5,139,131.85,135.18,7716050,1.04E+14,132.5
132.5,133,133.4,130.9,132.25,1128850,1.49E+13,132.55
132.55,131.1,132,126.7,129.18,3780200,4.88E+13,128.4
128.4,128.4,129,126.5,127.62,5845200,7.46E+13,127.95
127.95,129.55,135.8,123.1,131.27,8169250,1.07E+14,127.65
127.65,127,128.3,124.1,126.28,3362350,4.25E+13,124.55
124.55,123.55,125.2,120.75,122.43,4171700,5.11E+13,121.95
121.95,119.85,123.55,117.4,119.45,7378600,8.81E+13,123.55
123.55,129,132.45,128.1,130.52,4675548,6.10E+13,130.4
130.4,130.9,134.1,129.5,131.89,4741526,6.25E+13,131.3
131.3,126,127.55,120.8,124.34,4609093,5.73E+13,120.85
120.85,119,128.9,117.75,122.55,5891000,7.22E+13,126.05
126.05,125.25,127.7,123.55,125.82,4030672,5.07E+13,125.45
125.45,125.7,127.85,123.55,125.79,4219574,5.31E+13,124.3
124.3,124.1,124.7,119.5,122.16,3290369,4.02E+13,120.6
120.6,120,121.9,118.05,119.98,2430670,2.92E+13,120.6
120.6,119.3,122.45,119.3,120.8,3788816,4.58E+13,120.5
120.5,116.05,118.65,116.05,117.61,2737749,3.22E+13,117.3
117.3,118,126.7,118,122.63,2698018,3.31E+13,126.7
126.7,131.95,136.8,116.6,127.92,12233294,1.56E+14,122
122,122.95,131.8,121.55,127.47,7709494,9.83E+13,129.15
129.15,130.2,133,128.25,130.84,6124841,8.01E+13,132.7
132.7,132.65,133.65,129.35,131.47,3973257,5.22E+13,130.35
130.35,130.2,132.7,124,128.22,7910192,1.01E+14,126
126,127.25,128,123.5,125.81,5820422,7.32E+13,126.5
126.5,122,123,119.15,121.07,6610918,8.00E+13,119.15
119.15,119.6,124.25,119.6,121.44,3961719,4.81E+13,124
124,124.25,133.95,124.25,129.54,10829764,1.40E+14,133.95
133.95,135.4,137.95,133.35,135.5,8377783,1.14E+14,135.65
135.65,136.45,137.85,134.25,135.87,4957385,6.74E+13,134.45
134.45,134.95,145.25,134.75,140.77,7436390,1.05E+14,145.25
145.25,143,151.85,143,148.49,11477247,1.70E+14,147.2
147.2,147.8,150.85,145,149,9271889,1.38E+14,150.4
150.4,153.6,157,151.05,153.78,9518658,1.46E+14,152.1
152.1,154.9,155.85,152.05,153.92,6421201,9.88E+13,154.25
154.25,155,166.6,154.25,161.91,14313089,2.32E+14,166.6
166.6,169,169.45,153.35,161.62,17080309,2.76E+14,159
159,164,170.35,162.25,165.88,14296069,2.37E+14,169.5
169.5,170.25,183.1,167.75,176.67,21714025,3.84E+14,183.1
183.1,180.1,184,169.3,176.34,19601903,3.46E+14,178.95
178.95,182,190.85,179.05,186.31,17764081,3.31E+14,184.45
184.45,182,188.45,180,184.98,15945074,2.95E+14,183.5
183.5,183.1,185.9,175.6,180.6,13562166,2.45E+14,175.6
175.6,179,179.6,165,171.29,12016062,2.06E+14,167.1
167.1,164.25,171,161.7,165.98,10612323,1.76E+14,167.05
167.05,168,174.25,166.1,170.06,13294114,2.26E+14,170
170,171,173.25,160.55,166.04,14884612,2.47E+14,163.95
163.95,162.25,167,154.2,163.2,9909328,1.62E+14,154.2
154.2,156.5,156.85,146.1,151.38,13357457,2.02E+14,155
155,160.7,167.4,160.15,165.81,10120316,1.68E+14,167.4
167.4,168.1,175.45,165.5,170.58,13514263,2.31E+14,166.05
166.05,168.5,174.4,165.1,169.47,13252801,2.25E+14,174.15
174.15,176.95,180.85,175.3,178.29,14028686,2.50E+14,178
178,183,185.45,180.6,183.07,12396091,2.27E+14,184
184,183,183.8,178.15,181.32,9110745,1.65E+14,180.8
180.8,180,195,177.25,184.34,11239083,2.07E+14,195
195,190,192,186.15,189.15,12463411,2.36E+14,187.95
187.95,188.8,192.5,187.6,190.13,15798521,3.00E+14,189.1
189.1,189.2,189.45,181.65,184.27,10636389,1.96E+14,182.65
182.65,179.9,196.15,170.3,175.38,9126168,1.60E+14,177.2
177.2,176.05,181,171.2,177.19,11519334,2.04E+14,173.2
173.2,176.9,184.5,173.15,178.3,12063020,2.15E+14,182.2
182.2,184.2,188,182.5,185.36,12401297,2.30E+14,184.5
184.5,184.95,186,182.5,184.08,8670252,1.60E+14,183.15
183.15,184.5,190.5,184.05,187.89,10915434,2.05E+14,188.2
188.2,189.65,191.55,184.55,187.4,10081801,1.89E+14,186.45
186.45,188.1,188.4,180.4,183.32,11277795,2.07E+14,181.75
181.75,180.1,183.85,171.6,181.24,11752660,2.13E+14,180.65
180.65,181.9,184.4,177,180.49,9646999,1.74E+14,177.7
177.7,178.8,181.25,177.35,179.09,7696266,1.38E+14,177.9
177.9,178,178.75,174.2,175.93,9908814,1.74E+14,175.05
175.05,176.5,178.45,172.6,175.72,10412234,1.83E+14,177.45
177.45,177.2,177.5,173.45,175.29,7853116,1.38E+14,174.4
174.4,175.45,182.35,175.4,179.83,14537953,2.61E+14,180.4
180.4,181.7,188.35,181.7,186.18,9003556,1.68E+14,186.95
186.95,185.65,188.95,185.45,187.09,7613032,1.42E+14,187.2
187.2,188,188.8,184.3,186.77,7795621,1.46E+14,185.25
185.25,185,186.9,180.3,183.19,12189054,2.23E+14,181.2
181.2,180.1,182.4,175.6,179.13,12926697,2.32E+14,180.1
180.1,182.85,188,182.85,185.42,9803345,1.82E+14,187.25
187.25,188,199.8,187.55,194.47,19649746,3.82E+14,191.25
191.25,192.95,195.5,190.05,193.1,12828133,2.48E+14,194.1
194.1,195.5,198.4,182.2,191.32,13208267,2.53E+14,185.65
185.65,187.15,190.3,184,187.25,9658037,1.81E+14,185.3
185.3,186.85,188.9,184.15,186.39,7475702,1.39E+14,185.35
185.35,183.05,184.4,177,180.81,9224853,1.67E+14,178.2
178.2,178,183.95,175.5,180.78,8225732,1.49E+14,181.45
181.45,181.85,184.2,179.6,182.08,5882127,1.07E+14,180.55
180.55,180.25,181.4,177,178.86,6377579,1.14E+14,177.65
177.65,177.45,177.5,171.75,173.98,4580766,7.97E+13,172.85
172.85,171.8,174.5,170.15,172.13,7152940,1.23E+14,170.8
170.8,172.45,177.65,172.1,175.46,8223225,1.44E+14,175.05
175.05,176.9,181.25,173.55,177.79,10112895,1.80E+14,179.8
179.8,177.95,180.9,175.5,178.14,7697634,1.37E+14,179.1
179.1,178.1,178.1,175,176.59,5574961,9.84E+13,176.3
176.3,175,176.3,172.05,173.64,7683533,1.33E+14,173.55
173.55,176.3,180.3,173.05,178.57,6716878,1.20E+14,179.35
179.35,180,185.25,178.4,182.2,8532110,1.55E+14,179.2
179.2,178.95,179,176.2,177.53,4229638,7.51E+13,176.8
176.8,176.8,178.5,175.2,176.64,4709770,8.32E+13,176.55
176.55,176,176,172.1,174.19,5588543,9.73E+13,173.4
173.4,171,173.95,169.5,172.43,4320621,7.45E+13,171.8
171.8,170.6,173.4,168.35,170.96,3632033,6.21E+13,169.25
169.25,170.9,171.4,167,168.47,3484478,5.87E+13,167.4
167.4,167.9,172.95,167.8,170.74,5370274,9.17E+13,170.6
170.6,171.35,172.5,169.55,170.65,4561184,7.78E+13,170.75
170.75,174.5,177.3,173.25,175.35,7419016,1.30E+14,175.6
175.6,176.5,179.4,173.55,176.82,5670403,1.00E+14,174.35
174.35,174,176.25,172.35,173.9,3013798,5.24E+13,174.65
174.65,178,188.65,178,183.69,14151948,2.60E+14,187.15
187.15,186.75,187,183.65,185.23,8832591,1.64E+14,185.25
185.25,189.4,189.4,172.1,183.59,5697558,1.05E+14,179.15
179.15,183,183,179.05,181.06,3404889,6.17E+13,181
181,182,186.4,182,184.79,4483226,8.28E+13,185.1
185.1,185.9,191.5,185.8,189,9137414,1.73E+14,188.55
188.55,187.75,194.85,186.1,190.21,9579141,1.82E+14,193.5
193.5,195.45,196.4,187.5,191.01,7700685,1.47E+14,189.7
189.7,187.25,187.25,183,185.08,4383112,8.11E+13,183.75
183.75,183.35,186,182.5,184.31,5120271,9.44E+13,183.25
183.25,185,186.75,183.6,185.1,4239361,7.85E+13,185.55
185.55,186,186.5,183.15,184.31,4535465,8.36E+13,183.6
183.6,186.2,192.75,185.8,190.76,10828046,2.07E+14,190.2
190.2,190.9,200.4,190,195.26,18497991,3.61E+14,199.35
199.35,199.3,200.25,196.2,198,10495794,2.08E+14,197.75
197.75,199,199.9,193.25,195.62,8615984,1.69E+14,194
194,196.7,196.7,189.55,192.67,6613347,1.27E+14,190.2
190.2,190.55,191,185.6,187.91,4038483,7.59E+13,186.55
186.55,185.7,190.7,185,187.87,5868414,1.10E+14,189.65
189.65,189.95,192.2,186.25,189.45,4869567,9.23E+13,186.7
186.7,186.05,186.05,182.5,184.23,5601780,1.03E+14,183.65
183.65,186,189.8,184.5,187.51,3919987,7.35E+13,186.9
186.9,187.9,196.8,185.5,191.17,12209997,2.33E+14,193.55
193.55,197.3,209.05,196.65,205.56,17114126,3.52E+14,209
209,212.9,224.9,209.05,216.93,14259140,3.09E+14,215.45
215.45,212.15,231.5,210.75,220.81,17167445,3.79E+14,225.15
225.15,229,240.4,227,235.25,19356538,4.55E+14,239
239,239.65,250,237.8,242.28,16029645,3.88E+14,239.75
239.75,239.7,241.7,231,236.12,15035664,3.55E+14,238.35
238.35,239,239.1,229.65,233.89,7581273,1.77E+14,230.9
230.9,229.55,240,226.75,232.02,10961707,2.54E+14,237.6
237.6,237.8,248.4,230,241.99,21511335,5.21E+14,238
238,238.65,253.5,238.65,248.33,19666326,4.88E+14,248.15
248.15,249.7,251,240.5,244.72,12971082,3.17E+14,241.95
241.95,241.9,244.35,237.05,240.63,11036867,2.66E+14,239.85
239.85,239,242.5,236.05,239.49,12032902,2.88E+14,237.65
237.65,222,248.7,222,243.64,14386111,3.51E+14,242.1
242.1,243,249.7,242.05,245.6,6766578,1.66E+14,243.1
243.1,242.15,244,232.5,238.06,5910551,1.41E+14,234.25
234.25,236,238.2,232.05,235.1,8819782,2.07E+14,233.4
233.4,244,252.1,239.15,246.81,16809507,4.15E+14,250.65
250.65,260.9,269,253.2,262.49,21368760,5.61E+14,265.1
265.1,260.8,265.75,255.15,262.11,10820910,2.84E+14,262.35
262.35,263.5,264,260.3,262.42,1507316,3.96E+13,263.05
263.05,263.75,263.75,256.55,259.73,7253874,1.88E+14,257.85
257.85,257.6,259.2,254.6,256.35,7997287,2.05E+14,255.4
255.4,258.5,258.9,248.6,252.92,6683859,1.69E+14,251.35
251.35,252,252,241.6,246.38,5438871,1.34E+14,243.45
243.45,243,243.9,233.35,237.82,7814649,1.86E+14,235.45
235.45,235.1,236,216.65,225.59,8166939,1.84E+14,217.85
217.85,215,235.3,212.5,226.13,9213025,2.08E+14,234.3
234.3,240.4,240.4,222.3,229.38,12556366,2.88E+14,225.45
225.45,223.85,230.45,221.1,226.25,8771444,1.98E+14,226.1
226.1,226,235.8,226,231.99,9360251,2.17E+14,232.5
232.5,233.95,236,232.65,234.48,3426288,8.03E+13,233.95
233.95,232,233.35,226.8,229.59,6182887,1.42E+14,229.05
229.05,230.9,236.7,229.3,233.81,7284279,1.70E+14,235.5
235.5,236,241.95,233,237.65,10657639,2.53E+14,236.15
236.15,234.85,234.9,230.1,232.22,5651677,1.31E+14,231
231,233.5,233.7,229.05,231.44,4377151,1.01E+14,230.55
230.55,229,229.5,226.7,227.95,5751447,1.31E+14,227.6
227.6,229.4,234.9,227.15,231.42,8788376,2.03E+14,227.2
227.2,228,228.3,221.05,223.84,5464583,1.22E+14,223.65
223.65,224,228.35,223.4,225.74,3941438,8.90E+13,223.9
223.9,223.15,225.45,223,224.24,5270298,1.18E+14,224
224,226.8,231.8,225.25,229.29,6326565,1.45E+14,230.3
230.3,229.9,232.45,228.7,230.35,3982031,9.17E+13,229.7
229.7,230.95,232.4,224.6,228.87,5058312,1.16E+14,225.65
225.65,226,226.95,221.2,223.76,3740074,8.37E+13,221.9
221.9,222.45,223.45,218.15,221.11,4564570,1.01E+14,219.9
219.9,222.8,225.85,219.8,223.03,4228694,9.43E+13,223.1
223.1,223,225.35,218.7,222.65,4230324,9.42E+13,220.35
220.35,221,223.8,216.2,218.72,6999982,1.53E+14,217
217,218,220.3,216.3,218.04,3874563,8.45E+13,217.65
217.65,218.4,225.45,217.6,221.48,8254354,1.83E+14,223.7
223.7,229,241.6,226.7,235.17,20012821,4.71E+14,232.5
232.5,234,238,231.5,235.73,7165338,1.69E+14,236.65
236.65,236.7,243.9,235,239.19,8889287,2.13E+14,236.1
236.1,235.9,236.4,226.35,231.06,4295226,9.92E+13,228
228,226.1,228.75,222.3,225.59,7025366,1.58E+14,223.55
223.55,225,225,220.05,223.06,4413677,9.85E+13,222.8
222.8,224,226.05,222.05,224.6,2160428,4.85E+13,223.85
223.85,224.45,227.9,222.2,225.27,4110380,9.26E+13,223.05
223.05,223.05,224.7,220,222.38,2313042,5.14E+13,220.4
220.4,220.3,222.45,218.6,220.5,3894875,8.59E+13,219.55
219.55,225.75,237.15,225,232.28,9955733,2.31E+14,237
237,231.65,240.7,230.1,234.64,3445465,8.08E+13,232.35
232.35,230,231.9,225.25,227.61,3001393,6.83E+13,226.25
226.25,225.65,226.95,221,224.41,2780994,6.24E+13,222.65
222.65,224.9,226.4,222,223.69,4062951,9.09E+13,223.65
223.65,226.25,240,225,234.78,4455975,1.05E+14,236.9
236.9,237.95,242.5,232.15,236.84,3577925,8.47E+13,233.05
233.05,237.5,251.7,237.5,249.37,4456424,1.11E+14,251.7
251.7,258.4,271.85,251.3,263.52,9487878,2.50E+14,271.85
